ID,Class
750,Chachra
751,Chachra
752,Chachra
753,Brody
754,Chachra
755,Auken
756,Auken
757,Brody
758,Chachra
759,Lawyeraau
760,Chachra
761,Chachra
762,Chachra
763,Lawyeraau
764,Chachra
765,Harp
766,Chachra
767,Chachra
768,Chachra
769,Auken
770,Chachra
771,Engineer
772,Cholette
773,Chachra
774,Lawyeraau
775,Brody
776,Chachra
777,Chachra
778,Auken
779,Chachra
780,Chachra
781,Bukowsky
782,Auken
783,Chachra
784,Chachra
785,Brown
786,Grove
787,Harp
788,Lawyeraau
789,Chachra
790,Auken
791,Auken
792,Auken
793,Chachra
794,Chachra
795,Chachra
796,Harp
797,Chachra
798,Chachra
799,Auken
800,Chachra
801,Chachra
802,Chachra
803,Chachra
804,Auken
805,Chachra
806,Auken
807,Chachra
808,Chachra
809,Chachra
810,Harp
811,Engineer
812,Auken
813,Chachra
814,Chachra
815,Chachra
816,Lawyeraau
817,Chachra
818,Chachra
819,Auken
820,Chachra
821,Chachra
822,Chachra
823,Chachra
824,Chachra
825,Chachra
826,Chachra
827,Chachra
828,Brown
829,Brown
830,Auken
831,Chachra
832,Chachra
833,Auken
834,Harp
835,Chachra
836,Harp
837,Chachra
838,Auken
839,Chachra
840,Chachra
841,Chachra
842,Auken
843,Chachra
844,Chachra
845,Chachra
846,Brody
847,Brown
848,Auken
849,Chachra
850,Koenig
851,Chachra
852,Chachra
853,Chachra
854,Chachra
855,Auken
856,Brown
857,Chachra
858,Brody
859,Chachra
860,Calvinnme
861,Chell
862,Chachra
863,Hayes
864,Auken
865,Chachra
866,Chachra
867,Engineer
868,Chachra
869,Messick
870,Brown
871,Chachra
872,Lawyeraau
873,Chachra
874,Chachra
875,Chachra
876,Auken
877,Brody
878,Chachra
879,Chachra
880,Vision
881,Chachra
882,Chachra
883,Chachra
884,Chachra
885,Chachra
886,Auken
887,Chachra
888,Auken
889,Lawyeraau
890,Harp
891,McKee
892,Auken
893,Chachra
894,Chachra
895,Chachra
896,Chachra
897,Chachra
898,Chachra
899,Auken
900,Auken
901,Chachra
902,Chachra
903,Chachra
904,Chell
905,Chachra
906,Vision
907,Chachra
908,Chachra
909,Auken
910,Chachra
911,Chachra
912,Auken
913,Chachra
914,Chachra
915,Chachra
916,Harp
917,Auken
918,Koenig
919,Brown
920,Chachra
921,Chachra
922,Engineer
923,Chachra
924,Harp
925,Chachra
926,Chachra
927,Chachra
928,Messick
929,Chachra
930,Chachra
931,Brown
932,Auken
933,Chachra
934,Auken
935,Chachra
936,Chachra
937,Auken
938,Auken
939,Mahlers2nd
940,Chachra
941,Brown
942,Chachra
943,Chachra
944,Chachra
945,Chachra
946,Chachra
947,Messick
948,Chachra
949,Chachra
950,Auken
951,Chachra
952,Chachra
953,Chachra
954,Chachra
955,Chachra
956,Messick
957,Chachra
958,Chachra
959,Chachra
960,Brody
961,Chachra
962,Chachra
963,CFH
964,Chachra
965,Brown
966,Chachra
967,Vision
968,Chachra
969,Chachra
970,Chachra
971,Chachra
972,Chachra
973,Chachra
974,Auken
975,Chachra
976,Auken
977,Auken
978,Chachra
979,Chachra
980,Chachra
981,Chachra
982,Chachra
983,Auken
984,Chachra
985,Auken
986,Chachra
987,Chachra
988,Auken
989,Auken
990,Chachra
991,Auken
992,Chachra
993,Chachra
994,Chachra
995,Chachra
996,Auken
997,Chachra
998,Auken
999,Chachra
1000,Chachra
1001,Robert
1002,Chachra
1003,Auken
1004,Chachra
1005,Chachra
1006,Auken
1007,Chachra
1008,Chachra
1009,Chachra
1010,Chachra
1011,Chachra
1012,Brody
1013,Chachra
1014,Brown
1015,Chachra
1016,McKee
1017,Auken
1018,Chachra
1019,Chachra
1020,Auken
1021,Chachra
1022,Chachra
1023,Lawyeraau
1024,Messick
1025,Auken
1026,Chachra
1027,Messick
1028,Dent
1029,Messick
1030,Chachra
1031,Chachra
1032,Chachra
1033,Auken
1034,Johnson
1035,Chachra
1036,Chachra
1037,Auken
1038,Chachra
1039,Vision
1040,Auken
1041,Chachra
1042,Lawyeraau
1043,Chachra
1044,Chachra
1045,Auken
1046,Chachra
1047,Brown
1048,Chachra
1049,Auken
1050,Chachra
1051,Auken
1052,Agresti
1053,Chachra
1054,Chachra
1055,Brown
1056,Messick
1057,Auken
1058,Chachra
1059,Auken
1060,Engineer
1061,Brown
1062,Brody
1063,Chachra
1064,Messick
1065,Chachra
1066,Chachra
1067,Chachra
1068,Chachra
1069,Chachra
1070,Auken
1071,Chachra
1072,Chachra
1073,Chachra
1074,Auken
1075,Chachra
1076,Messick
1077,Chachra
1078,Messick
1079,Chachra
1080,Chachra
1081,Auken
1082,Chachra
1083,Chachra
1084,Chachra
1085,Chachra
1086,Chachra
1087,Auken
1088,Auken
1089,Chachra
1090,Chachra
1091,Chachra
1092,Chachra
1093,Chachra
1094,Janson
1095,Engineer
1096,Chachra
1097,Chachra
1098,Chachra
1099,Chachra
1100,Kolln
1101,Brown
1102,Chachra
1103,Chachra
1104,Auken
1105,Auken
1106,CFH
1107,Chachra
1108,Chachra
1109,Chachra
1110,Auken
1111,Harp
1112,Messick
1113,Chachra
1114,Messick
1115,Auken
1116,Chachra
1117,Messick
1118,Chachra
1119,Chachra
1120,Chachra
1121,Engineer
1122,Chachra
1123,Brown
1124,Engineer
1125,Chachra
1126,Chachra
1127,Chachra
1128,Auken
1129,Chachra
1130,Chachra
1131,Chachra
1132,Auken
1133,Chachra
1134,Auken
1135,Auken
1136,Chachra
1137,Grove
1138,Chachra
1139,Auken
1140,Chachra
1141,Messick
1142,Chachra
1143,Chachra
1144,Robert
1145,Chachra
1146,Chachra
1147,Chachra
1148,Auken
1149,Auken
1150,Chachra
1151,Chachra
1152,Auken
1153,Chachra
1154,Chachra
1155,Chachra
1156,Chachra
1157,Chachra
1158,Auken
1159,Chachra
1160,Ashbacher
1161,Chachra
1162,Chachra
1163,Auken
1164,Taylor
1165,Auken
1166,Chachra
1167,Chachra
1168,Chell
1169,Auken
1170,Chachra
1171,Lawyeraau
1172,Chachra
1173,Chachra
1174,Corn
1175,Chachra
1176,Chachra
1177,Chachra
1178,Chachra
1179,Chachra
1180,Chachra
1181,Chachra
1182,Auken
1183,Chachra
1184,Chachra
1185,Chachra
1186,Auken
1187,Auken
1188,Chachra
1189,Chachra
1190,Chachra
1191,Chachra
1192,Chachra
1193,Chachra
1194,Messick
1195,Chachra
1196,Chachra
1197,Auken
1198,Lawyeraau
1199,Auken
1200,Chachra
1201,Vision
1202,Chachra
1203,Chachra
1204,Chachra
1205,Chachra
1206,Messick
1207,Chachra
1208,Chachra
1209,Chachra
1210,Brown
1211,Auken
1212,Chachra
1213,Chachra
1214,Messick
1215,Lawyeraau
1216,Chachra
1217,Harp
1218,Engineer
1219,Auken
1220,Chachra
1221,Chachra
1222,Lawyeraau
1223,Brown
1224,Chachra
1225,Vision
1226,Chachra
1227,Messick
1228,Chachra
1229,Chachra
1230,Lawyeraau
1231,Chachra
1232,Chachra
1233,Chachra
1234,Auken
1235,Brown
1236,Chachra
1237,Chachra
1238,Chachra
1239,Chachra
1240,Chachra
1241,Messick
1242,Messick
1243,Chachra
1244,Chachra
1245,Chachra
1246,Chachra
1247,Chachra
1248,Auken
1249,Chachra
1250,Messick
1251,Chachra
1252,Chachra
1253,Chachra
1254,Chachra
1255,Chachra
1256,Chachra
1257,Brown
1258,Chachra
1259,Auken
1260,Auken
1261,Chachra
1262,Chell
1263,Chachra
1264,Messick
1265,Auken
1266,Chachra
1267,Chachra
1268,Merritt
1269,Chachra
1270,Chachra
1271,Auken
1272,Auken
1273,Chachra
1274,Chachra
1275,Brown
1276,Chachra
1277,Chachra
1278,Chachra
1279,Chachra
1280,Brody
1281,Chachra
1282,Chachra
1283,Chachra
1284,Auken
1285,Chachra
1286,Auken
1287,Janson
1288,Auken
1289,Chachra
1290,Chachra
1291,Chachra
1292,Auken
1293,Chachra
1294,Chachra
1295,Chell
1296,Chachra
1297,Chachra
1298,Chachra
1299,Chachra
1300,Chachra
1301,Chachra
1302,Chachra
1303,Chachra
1304,Auken
1305,Chachra
1306,Chachra
1307,Chachra
1308,Chachra
1309,Chachra
1310,Chachra
1311,Chachra
1312,Chachra
1313,Chachra
1314,Agresti
1315,Auken
1316,Chachra
1317,Chachra
1318,Chachra
1319,Chachra
1320,Chachra
1321,Chachra
1322,Brown
1323,Messick
1324,Chachra
1325,Chachra
1326,Brown
1327,Chachra
1328,Agresti
1329,Auken
1330,Brody
1331,Chachra
1332,Chachra
1333,Auken
1334,Chachra
1335,Auken
1336,Chachra
1337,Auken
1338,Auken
1339,Chachra
1340,Auken
1341,Harp
1342,Chachra
1343,Chachra
1344,Auken
1345,Chachra
1346,Chachra
1347,Johnson
1348,Chachra
1349,Messick
1350,Auken
1351,Auken
1352,Brown
1353,Chachra
1354,Vision
1355,Messick
1356,Chachra
1357,Messick
1358,Chachra
1359,Brown
1360,Brown
1361,Lawyeraau
1362,Chachra
1363,Chachra
1364,Chachra
1365,Chachra
1366,Auken
1367,Chachra
1368,Auken
1369,Chachra
1370,Chachra
1371,Chachra
1372,Nigam
1373,Chachra
1374,Auken
1375,Messick
1376,Chachra
1377,Auken
1378,Auken
1379,Brody
1380,Chachra
1381,Auken
1382,Engineer
1383,Brown
1384,Chachra
1385,Chachra
1386,Chachra
1387,Chachra
1388,Johnson
1389,Chachra
1390,Auken
1391,Chachra
1392,Chachra
1393,Chachra
1394,Chachra
1395,Chachra
1396,Chachra
1397,Mitchell
1398,Chachra
1399,Chachra
1400,Auken
1401,Chachra
1402,Auken
1403,Auken
1404,Chachra
1405,Chachra
1406,Chachra
1407,Chachra
1408,Chachra
1409,Auken
1410,Auken
1411,Chachra
1412,Chachra
1413,Chachra
1414,Chachra
1415,Chachra
1416,Chachra
1417,Auken
1418,Chachra
1419,Chachra
1420,Chachra
1421,Chell
1422,Chachra
1423,Chachra
1424,Mitchell
1425,Chachra
1426,Chachra
1427,Engineer
1428,Brody
1429,Chachra
1430,Harp
1431,Chachra
1432,Chachra
1433,Chachra
1434,Chachra
1435,Auken
1436,Chachra
1437,Chachra
1438,Chachra
1439,Chachra
1440,Chachra
1441,Chachra
1442,Brody
1443,Chachra
1444,Chachra
1445,Chachra
1446,Chachra
1447,Chachra
1448,Chachra
1449,Chachra
1450,Chachra
1451,Lawyeraau
1452,Auken
1453,Chachra
1454,Auken
1455,Chachra
1456,Janson
1457,Chachra
1458,Chachra
1459,Auken
1460,Chachra
1461,Chell
1462,Chachra
1463,Chachra
1464,CFH
1465,Auken
1466,Chachra
1467,Auken
1468,Chachra
1469,Chachra
1470,Chachra
1471,Chachra
1472,Auken
1473,Chachra
1474,Auken
1475,Lawyeraau
1476,Chachra
1477,Auken
1478,Chachra
1479,Chachra
1480,Auken
1481,Harp
1482,Brody
1483,Chachra
1484,Brown
1485,Chachra
1486,Vision
1487,Chachra
1488,Chachra
1489,Auken
1490,Brody
1491,Chachra
1492,Chachra
1493,Auken
1494,Chachra
1495,Auken
1496,Auken
1497,Harp
1498,Auken
1499,Chachra
